Id film,Titre,Genre
FLM0000004,Imaginary,Romance
FLM0000005,3 jours Max,Comedie
FLM0000006,Snack Shake,Science fiction
FLM0000007,15jours,Comedie
FLM0000008,Blessedd,Romance
FLM0000009,Hot Shot,Comedie
FLM0000010,Piege de cristal,Action
FLM0000011,Shrek 2,Animation
FLM0000012,Kung fu panda 4,Famille
FLM0000013,Malok'ila,Action
FLM0000015,3 jours Max 2,Comedie
FLM0000016,3 jours Max 2,Comedie
FLM0000003,Batiment 5,Romance
FLM0000001,Breathe,Action
FLM0000018,vot√©,Comedie
FLM0000002,French girl,Comedie
